"","Dim.1","Dim.2","Dim.3","Dim.4","Dim.5","Dim.6"
"btwn",11.800853047661,30.7015377543725,2.46267656584163,7.76627643056383,47.1038151094659,0.164841092095236
"eigen",24.0129655868735,2.45943096403443,2.16070458102708,0.971870577769375,2.05636925370999,68.3386590365856
"mean.deg",23.5516474613904,1.69788262535694,7.00546437530449,24.8940890010022,18.4916500207753,24.3592665161706
"cc",20.4302811299463,7.91514850222714,8.21985089825972,52.630683682188,4.63196119489086,6.17207459248798
"mod",19.5112168390368,0.100260426456876,79.0476971300208,0.397854495653245,0.0544134229182241,0.888557685914012
"path.length",0.693035935091971,57.1257397275522,1.10360644954624,13.3392258128234,27.6617909982397,0.0766010767465356
