"","Dim.1","Dim.2","Dim.3","Dim.4","Dim.5","Dim.6"
"btwn",5.16638418526087,44.3610035305737,0.884590514124632,8.96264137487621,40.5226410972682,0.102739297896367
"eigen",25.9531800615603,0.168165719264506,2.98291134221441,0.330395101295861,2.24785697276808,68.3174908028968
"mean.deg",25.1082464034325,8.61689754099186e-06,8.90637447308119,20.9109823873931,21.3700110329864,23.7043770862093
"cc",24.0895150610586,1.48242419676173,6.64226606271701,54.5555089093542,6.15202341760125,7.0782623525072
"mod",19.0397395439352,0.0720849823554836,80.1541990153674,0.0119170713475721,0.00234216687587857,0.719717220118484
"path.length",0.642934744752537,53.916312954147,0.42965859249534,15.2285551557331,29.7051253125002,0.0774132403718327
