"","Dim.1","Dim.2","Dim.3","Dim.4","Dim.5","Dim.6"
"btwn",5.16638418526087,44.3610035305737,0.884590514124638,8.9626413748762,40.5226410972682,0.102739297896353
"eigen",25.9531800615604,0.168165719264512,2.9829113422144,0.330395101295855,2.24785697276815,68.3174908028967
"mean.deg",25.1082464034324,8.61689754098861e-06,8.90637447308116,20.9109823873932,21.3700110329863,23.7043770862094
"cc",24.0895150610586,1.48242419676173,6.64226606271706,54.5555089093541,6.15202341760127,7.07826235250722
"mod",19.0397395439352,0.0720849823554825,80.1541990153674,0.011917071347572,0.00234216687587809,0.719717220118491
"path.length",0.642934744752528,53.916312954147,0.429658592495336,15.2285551557331,29.7051253125002,0.0774132403718287
