"","Dim.1","Dim.2","Dim.3","Dim.4","Dim.5","Dim.6"
"btwn",4.92411664105801,42.8293174895411,0.0534646276344479,0.949609840600606,51.1155070501527,0.127984351013134
"eigen",25.6877336276945,1.74461656347779,0.230145901944227,3.52876614104806,0.256817557687188,68.5519202081482
"mean.deg",24.6316256543404,2.92426947553472,0.15313488324496,47.5412301325474,1.48526474172316,23.2644751126093
"cc",21.8841728208253,0.0712962588170333,56.2942633371134,13.3242772394951,5.52901063433611,2.89697970941304
"mod",22.8538279088097,0.108461962069789,42.3424966360521,27.0795958107561,2.45703098591421,5.15858669639807
"path.length",0.0185233472721603,52.3220382505596,0.926494614010795,7.57652083555265,39.1563690301867,5.39224181916295e-05
