"","Dim.1","Dim.2","Dim.3","Dim.4","Dim.5","Dim.6"
"btwn",4.92411664105801,42.8293174895411,0.0534646276344483,0.949609840600598,51.1155070501527,0.127984351013127
"eigen",25.6877336276945,1.7446165634778,0.230145901944221,3.52876614104811,0.256817557687171,68.5519202081482
"mean.deg",24.6316256543404,2.92426947553472,0.153134883244958,47.5412301325473,1.48526474172313,23.2644751126095
"cc",21.8841728208252,0.0712962588170333,56.2942633371134,13.3242772394952,5.52901063433613,2.89697970941302
"mod",22.8538279088096,0.10846196206979,42.3424966360522,27.0795958107562,2.45703098591422,5.15858669639801
"path.length",0.0185233472721601,52.3220382505596,0.926494614010795,7.57652083555264,39.1563690301867,5.39224181917608e-05
