"","Dim.1","Dim.2","Dim.3","Dim.4","Dim.5","Dim.6","Dim.7"
"btwn",16.6252604534636,11.7735935810117,0.0312943833654104,24.3466576194484,32.9376405122103,11.7559761465427,2.5295773039579
"eigen",0.649103294731479,48.0362440798143,0.0934649398817617,45.822328954234,2.32811242235229,1.6340634536684,1.4366828553177
"mean.deg",20.2018772724679,6.37940829242889,2.91322832983727,2.25934425930805,13.4204834688698,15.8179138560593,39.0077445210287
"cc",16.5247083572404,15.6060204595704,3.39636690417177,2.46799232624634,0.13473739785787,7.55256625798245,54.3176082969308
"mod",21.4549944142718,1.1193407084962,5.06153408416705,8.25291968032334,15.1964559018586,46.4795774004704,2.43517781041272
"path.length",15.5208929181801,16.0552840996902,0.181548009322423,15.3663279068214,35.8865769419078,16.7164628125257,0.272907311552428
"num.graphs",9.02316328964477,1.03010877898833,88.3225633492543,1.48442925361844,0.0959933549433601,0.0434400727510683,0.000301900799712423
