"","Dim.1","Dim.2","Dim.3","Dim.4","Dim.5","Dim.6"
"btwn",4.01270883383107,43.1167380603676,0.0983951999568151,0.00202215114339925,52.7666307066135,0.00350504808758456
"eigen",26.5186709141804,2.5240139276415,0.876659724544168,3.60875624265566,0.00625520335937732,66.4656439876189
"mean.deg",24.4277154714813,4.34593218286582,0.215835449077496,44.372602428846,0.341602371846758,26.2963120958826
"cc",23.469287349512,0.302905136636215,35.9708678476375,30.1397530801997,4.43947419925773,5.67771238675686
"mod",21.4280267803744,2.1122126666047e-06,62.6671801542277,13.6553993016728,0.896366045653279,1.3530256058591
"path.length",0.143590650620733,49.7104085802762,0.171061624556329,8.22146679548239,41.5496714732693,0.203800875795011
