"","Dim.1","Dim.2","Dim.3","Dim.4","Dim.5","Dim.6","Dim.7"
"btwn",1.09487247275884,42.4205704223152,0.677751670348863,0.715467086876306,1.47743244200889,53.0332595764417,0.580646329250275
"eigen",24.6439196191597,0.00945564182459465,0.0779209265736262,1.62757686707195,9.44452678075676,3.15778926538663,61.0388108992267
"mean.deg",24.0105985146654,0.408121245894736,0.507559848951014,0.848284481689659,41.5691282376219,0.411001853891508,32.2453058172858
"cc",18.4870531852883,3.71466298418412,16.6424174534247,39.201958058293,15.1643556705697,1.3984570747067,5.39109557353347
"mod",17.5932693243965,0.801979229149439,55.7234290996427,2.32781219184639,22.9643882175452,0.0201183315659276,0.569003605853824
"path.length",0.242684226413082,42.2304250134822,1.89436832814475,15.8954684861573,0.0573152658746426,39.6204942429851,0.0592444369428523
"num.graphs",13.9276026573181,10.4147854631497,24.4765526729143,39.3834328280654,9.32285338562295,2.35887965502248,0.115893337907072
