"","Dim.1","Dim.2","Dim.3","Dim.4","Dim.5","Dim.6"
"btwn",4.35653215762671,42.585953941813,0.027969569884909,0.0356818119827093,52.9910504747365,0.00281204395626171
"eigen",26.4905337483079,2.37316221319177,0.999688381397988,5.67170607546288,0.0368830576137904,64.4280265240256
"mean.deg",24.7775258370621,4.18505590238162,0.0152547834370301,41.0872456352472,0.0769069835082271,29.8580108583639
"cc",22.6090505308887,0.762892690773391,42.245163238233,26.0316745162856,3.4168092399204,4.93440978389893
"mod",21.5960535528487,0.306756359608805,55.6036734037268,21.0472612682359,0.778399569485837,0.667855846094022
"path.length",0.170304173265925,49.7861788922314,1.1082506233203,6.12643069278574,42.6999506747353,0.108884943661292
