"","Dim.1","Dim.2","Dim.3","Dim.4","Dim.5","Dim.6"
"btwn",4.35653215762669,42.5859539418135,0.0279695698849126,0.0356818119827323,52.9910504747359,0.00281204395626157
"eigen",26.4905337483079,2.37316221319175,0.99968838139802,5.67170607546282,0.0368830576137938,64.4280265240257
"mean.deg",24.7775258370622,4.18505590238161,0.0152547834370251,41.0872456352471,0.0769069835082015,29.8580108583638
"cc",22.6090505308885,0.762892690773426,42.2451632382331,26.0316745162858,3.41680923992029,4.9344097838989
"mod",21.5960535528488,0.306756359608804,55.6036734037266,21.0472612682359,0.778399569485797,0.667855846094017
"path.length",0.170304173265911,49.7861788922309,1.10825062332031,6.12643069278556,42.699950674736,0.108884943661299
