"","Dim.1","Dim.2","Dim.3","Dim.4","Dim.5","Dim.6","Dim.7"
"btwn",16.6252604534636,11.7735935810117,0.0312943833654138,24.3466576194485,32.9376405122103,11.7559761465427,2.52957730395785
"eigen",0.649103294731472,48.0362440798144,0.0934649398817561,45.822328954234,2.32811242235228,1.63406345366837,1.43668285531773
"mean.deg",20.2018772724679,6.37940829242889,2.91322832983728,2.25934425930811,13.4204834688699,15.8179138560594,39.0077445210286
"cc",16.5247083572403,15.6060204595704,3.39636690417175,2.46799232624635,0.134737397857875,7.55256625798232,54.317608296931
"mod",21.4549944142718,1.11934070849621,5.06153408416703,8.25291968032333,15.1964559018587,46.4795774004703,2.43517781041275
"path.length",15.5208929181801,16.0552840996902,0.181548009322428,15.3663279068213,35.8865769419077,16.7164628125258,0.272907311552419
"num.graphs",9.02316328964478,1.03010877898832,88.3225633492544,1.48442925361841,0.095993354943362,0.0434400727510676,0.000301900799712256
