"","Dim.1","Dim.2","Dim.3","Dim.4","Dim.5","Dim.6","Dim.7"
"btwn",1.09487247275884,42.4205704223152,0.677751670348864,0.71546708687629,1.47743244200887,53.0332595764417,0.580646329250261
"eigen",24.6439196191597,0.00945564182459575,0.0779209265736225,1.62757686707196,9.4445267807568,3.15778926538657,61.0388108992267
"mean.deg",24.0105985146653,0.408121245894734,0.507559848951001,0.848284481689649,41.569128237622,0.411001853891508,32.2453058172858
"cc",18.4870531852883,3.71466298418411,16.6424174534246,39.201958058293,15.1643556705698,1.39845707470672,5.3910955735335
"mod",17.5932693243966,0.801979229149436,55.7234290996427,2.32781219184644,22.964388217545,0.0201183315659251,0.569003605853817
"path.length",0.242684226413079,42.2304250134822,1.89436832814476,15.8954684861573,0.0573152658746361,39.6204942429851,0.059244436942845
"num.graphs",13.9276026573181,10.4147854631497,24.4765526729144,39.3834328280653,9.32285338562292,2.35887965502248,0.115893337907069
