"","Dim.1","Dim.2","Dim.3","Dim.4","Dim.5","Dim.6"
"btwn",4.35653215762673,42.585953941813,0.0279695698849082,0.0356818119827108,52.9910504747365,0.00281204395626075
"eigen",26.4905337483079,2.37316221319177,0.999688381397986,5.67170607546288,0.0368830576137866,64.4280265240257
"mean.deg",24.777525837062,4.18505590238163,0.0152547834370292,41.0872456352472,0.0769069835082233,29.8580108583639
"cc",22.6090505308887,0.762892690773381,42.245163238233,26.0316745162856,3.4168092399204,4.9344097838989
"mod",21.5960535528487,0.306756359608811,55.6036734037268,21.0472612682358,0.77839956948583,0.667855846094019
"path.length",0.170304173265931,49.7861788922314,1.1082506233203,6.12643069278572,42.6999506747353,0.108884943661294
