"","Dim.1","Dim.2","Dim.3","Dim.4","Dim.5","Dim.6"
"btwn",0.00106173026075673,42.5731277648838,21.7470971383928,28.6572904430095,4.09647148385385,2.92495143959934
"eigen",24.46588895005,0.786552591458426,14.8964081469618,37.4689776904636,0.139431722091646,22.2427408989746
"mean.deg",23.9875084516638,14.5191636547313,4.59028346847706,3.26377276568804,8.99004719275822,44.6492244666815
"cc",10.8292184907347,11.0877212862422,40.5198455935143,3.47911034614031,18.8981838091907,15.1859204741778
"mod",21.622615690262,8.2671370131907,16.0718461697305,10.1104641212981,34.7891142770661,9.13882272845253
"path.length",19.0937066870287,22.7662976894935,2.1745194829236,17.0203846334005,33.0867515150395,5.85833999211418
