"","Dim.1","Dim.2","Dim.3","Dim.4","Dim.5","Dim.6"
"btwn",3.90624645068715,45.0687764985542,1.26337204273207,6.49645213738212,43.2164204259925,0.0487324446519404
"eigen",25.656084702163,0.309769673621598,4.21194288127344,0.394877935431808,1.61918693744174,67.8081378700685
"mean.deg",25.1444274340113,0.0344588474996999,9.31623743836828,26.0182047502148,15.8467786558078,23.6398928740981
"cc",24.1790323533675,1.75947013256453,6.47871827575015,54.6120013908777,4.88757975760784,8.08319808983236
"mod",20.9698163918132,0.00261502438433744,78.5689890502999,0.0688487732042616,0.00468497421197299,0.385045786086294
"path.length",0.144392667957896,52.8249098233756,0.16074031157613,12.4096150128894,34.4253492489381,0.0349929352628781
