"","Dim.1","Dim.2","Dim.3","Dim.4","Dim.5","Dim.6"
"btwn",0.00106173026075518,42.5731277648834,21.7470971383933,28.657290443009,4.09647148385367,2.92495143959973
"eigen",24.46588895005,0.786552591458351,14.8964081469617,37.4689776904642,0.139431722091601,22.2427408989742
"mean.deg",23.9875084516637,14.5191636547316,4.59028346847687,3.26377276568778,8.99004719275897,44.6492244666811
"cc",10.8292184907347,11.0877212862426,40.5198455935139,3.47911034614014,18.8981838091914,15.1859204741773
"mod",21.622615690262,8.26713701319071,16.0718461697305,10.1104641212982,34.7891142770656,9.13882272845297
"path.length",19.0937066870288,22.7662976894933,2.17451948292369,17.0203846334006,33.0867515150388,5.8583399921148
